Model,Algorithm,Rank,Feature,Importance
Model 1,Random Forest,1,Spread_cur,0.5632463413040957
Model 1,Random Forest,2,QuarterlyReturn_Lag1,0.13178925206823566
Model 1,Random Forest,3,TradingVolume_cur,0.0535104304550627
Model 1,Random Forest,4,ROE_last1,0.03994782832138489
Model 1,Random Forest,5,VIX_QoQ,0.033752687810509066
Model 1,Random Forest,6,QuarterlyReturn_Lag3,0.032357976575228584
Model 1,Random Forest,7,DJIA_QoQ,0.02764195543666975
Model 1,Random Forest,8,Last3mCumulativeRevenue_last1,0.023636559332255586
Model 1,Random Forest,9,TradingTurnover_cur,0.01889453544245003
Model 1,Random Forest,10,TradingMoney_cur,0.007586177863663377
Model 1,Random Forest,11,SP500_QoQ,0.007506921363572737
Model 1,Random Forest,12,IXIC_QoQ,0.007501149693986999
Model 1,Random Forest,13,ROA_last1,0.006856508375598426
Model 1,Random Forest,14,EPS_last1,0.006723127160535064
Model 1,Random Forest,15,SOX_QoQ,0.006012438690027442
Model 1,Random Forest,16,GrossMargin_last1,0.005230862775702896
Model 1,Random Forest,17,QuarterlyReturn_Lag2,0.00491600263228613
Model 1,Random Forest,18,VIX_QoQ_Lag3,0.00365766662776584
Model 1,Random Forest,19,TotalUnempPct_last1,0.0031101752704121135
Model 1,Random Forest,20,VIX_QoQ_Lag1,0.00273550014775544
Model 2,Random Forest,1,Spread_cur,0.5522243830325795
Model 2,Random Forest,2,QuarterlyReturn_Lag1,0.1311593556605472
Model 2,Random Forest,3,TradingVolume_cur,0.059479697055727435
Model 2,Random Forest,4,QuarterlyReturn_Lag3,0.05504035046050472
Model 2,Random Forest,5,ROE_last1,0.04509769591524916
Model 2,Random Forest,6,Last3mCumulativeRevenue_last1,0.033801633253428234
Model 2,Random Forest,7,TradingTurnover_cur,0.022707284708565787
Model 2,Random Forest,8,DJIA_YoY,0.01555353870379875
Model 2,Random Forest,9,TradingMoney_cur,0.010086687662217235
Model 2,Random Forest,10,GrossMargin_last1,0.00860559432783888
Model 2,Random Forest,11,QuarterlyReturn_Lag2,0.008561593048855936
Model 2,Random Forest,12,ROA_last1,0.006871335456146021
Model 2,Random Forest,13,VIX_YoY_Lag1,0.005541484929599813
Model 2,Random Forest,14,EPS_last1,0.00553410612598035
Model 2,Random Forest,15,VIX_YoY,0.005078167557166885
Model 2,Random Forest,16,SOX_YoY,0.004873107102127877
Model 2,Random Forest,17,TotalUnempPct_last1,0.004406158443954845
Model 2,Random Forest,18,VIX_YoY_Lag2,0.003780608922526885
Model 2,Random Forest,19,FnG_YoY,0.0037229882490589653
Model 2,Random Forest,20,VIX_YoY_Lag3,0.0031120171041979674
Model 3,Random Forest,1,QuarterlyVolatility_Lag1,0.949475728465954
Model 3,Random Forest,2,Spread_cur,0.012951386337887609
Model 3,Random Forest,3,QuarterlyVolatility_Lag3,0.011869002992674595
Model 3,Random Forest,4,QuarterlyVolatility_Lag2,0.0068675091951600755
Model 3,Random Forest,5,EPS_last1,0.002672968156196714
Model 3,Random Forest,6,TradingTurnover_cur,0.0020167594940635634
Model 3,Random Forest,7,ROE_last1,0.0019760988111462074
Model 3,Random Forest,8,TradingVolume_cur,0.001776143048822116
Model 3,Random Forest,9,Last3mCumulativeRevenue_last1,0.0013554857135882553
Model 3,Random Forest,10,FnG_QoQ_Lag2,0.0013368674444680824
Model 3,Random Forest,11,TradingMoney_cur,0.0009869549963525447
Model 3,Random Forest,12,ROA_last1,0.0009184497894175852
Model 3,Random Forest,13,VIX_QoQ,0.0008353495393698488
Model 3,Random Forest,14,Last3mCumulativeRevenueGrowthRate_last1,0.0008166601127749341
Model 3,Random Forest,15,VIX_QoQ_Lag1,0.0006233405278522087
Model 3,Random Forest,16,DJIA_QoQ,0.0006137582588556248
Model 3,Random Forest,17,FnG_QoQ_Lag1,0.00044352294964791024
Model 3,Random Forest,18,SP500_QoQ,0.00037299459562078265
Model 3,Random Forest,19,VIX_QoQ_Lag3,0.00029031738469442297
Model 3,Random Forest,20,DJIA_QoQ_Lag1,0.00023925107276698046
Model 4,Random Forest,1,QuarterlyVolatility_Lag1,0.9467589510982237
Model 4,Random Forest,2,Spread_cur,0.012453574213243218
Model 4,Random Forest,3,QuarterlyVolatility_Lag3,0.012290119829836549
Model 4,Random Forest,4,QuarterlyVolatility_Lag2,0.00811532830973144
Model 4,Random Forest,5,EPS_last1,0.003177220790640942
Model 4,Random Forest,6,TradingTurnover_cur,0.0023005709255389784
Model 4,Random Forest,7,ROE_last1,0.002257930234823174
Model 4,Random Forest,8,TradingVolume_cur,0.0018278202821174268
Model 4,Random Forest,9,FnG_YoY_Lag2,0.001207187932270852
Model 4,Random Forest,10,ROA_last1,0.001068945534582384
Model 4,Random Forest,11,TradingMoney_cur,0.0010555468593284063
Model 4,Random Forest,12,Last3mCumulativeRevenue_last1,0.0009758387206345207
Model 4,Random Forest,13,VIX_YoY,0.0007967192670106655
Model 4,Random Forest,14,Last3mCumulativeRevenueGrowthRate_last1,0.0007769138251351665
Model 4,Random Forest,15,FnG_YoY,0.0007246484593903453
Model 4,Random Forest,16,SP500_YoY,0.0005604124729595951
Model 4,Random Forest,17,VIX_YoY_Lag1,0.0005432838436016111
Model 4,Random Forest,18,GrossMargin_last1,0.00037333161700071085
Model 4,Random Forest,19,VIX_YoY_Lag3,0.00029316530045264824
Model 4,Random Forest,20,DJIA_YoY_Lag3,0.00027077280655407593
Model 1,XGBoost,1,QuarterlyReturn_Lag3,0.141547292470932
Model 1,XGBoost,2,Spread_cur,0.10295473784208298
Model 1,XGBoost,3,TradingMoney_cur,0.08121142536401749
Model 1,XGBoost,4,QuarterlyReturn_Lag1,0.07265108078718185
Model 1,XGBoost,5,FnG_QoQ_Lag3,0.045273780822753906
Model 1,XGBoost,6,ROE_last1,0.0435107983648777
Model 1,XGBoost,7,VIX_QoQ,0.039197780191898346
Model 1,XGBoost,8,DJIA_QoQ,0.036908332258462906
Model 1,XGBoost,9,IXIC_QoQ,0.03552411124110222
Model 1,XGBoost,10,SOX_QoQ_Lag3,0.031441982835531235
Model 1,XGBoost,11,TradingVolume_cur,0.03111022152006626
Model 1,XGBoost,12,SOX_QoQ,0.028197718784213066
Model 1,XGBoost,13,SP500_QoQ,0.025059297680854797
Model 1,XGBoost,14,Last3mCumulativeRevenue_last1,0.02467234805226326
Model 1,XGBoost,15,QuarterlyReturn_Lag2,0.022209009155631065
Model 1,XGBoost,16,TradingTurnover_cur,0.01825523003935814
Model 1,XGBoost,17,Last3mCumulativeRevenueGrowthRate_last1,0.016724571585655212
Model 1,XGBoost,18,EPS_last1,0.015977028757333755
Model 1,XGBoost,19,FnG_QoQ,0.015577556565403938
Model 1,XGBoost,20,DJIA_QoQ_Lag1,0.014835732989013195
Model 2,XGBoost,1,QuarterlyReturn_Lag3,0.13682609796524048
Model 2,XGBoost,2,FnG_YoY_Lag1,0.10120759904384613
Model 2,XGBoost,3,Spread_cur,0.0997832864522934
Model 2,XGBoost,4,QuarterlyReturn_Lag1,0.0578736774623394
Model 2,XGBoost,5,DJIA_YoY,0.03486688807606697
Model 2,XGBoost,6,ROE_last1,0.029054127633571625
Model 2,XGBoost,7,SOX_YoY_Lag3,0.027208564803004265
Model 2,XGBoost,8,TradingVolume_cur,0.025366108864545822
Model 2,XGBoost,9,VIX_YoY_Lag3,0.024988407269120216
Model 2,XGBoost,10,VIX_YoY,0.0243033766746521
Model 2,XGBoost,11,IXIC_YoY_Lag1,0.023215848952531815
Model 2,XGBoost,12,VIX_YoY_Lag1,0.023043273016810417
Model 2,XGBoost,13,Last3mCumulativeRevenue_last1,0.02190142683684826
Model 2,XGBoost,14,FnG_YoY,0.021643001586198807
Model 2,XGBoost,15,IXIC_YoY_Lag2,0.02109581232070923
Model 2,XGBoost,16,TradingTurnover_cur,0.020296476781368256
Model 2,XGBoost,17,IXIC_YoY_Lag3,0.019972428679466248
Model 2,XGBoost,18,DJIA_YoY_Lag1,0.01855519600212574
Model 2,XGBoost,19,QuarterlyReturn_Lag2,0.017393028363585472
Model 2,XGBoost,20,RediscountRate_last1,0.01720748469233513
Model 3,XGBoost,1,QuarterlyVolatility_Lag1,0.39649415016174316
Model 3,XGBoost,2,SP500_QoQ_Lag2,0.03911268338561058
Model 3,XGBoost,3,FnG_QoQ_Lag1,0.026952262967824936
Model 3,XGBoost,4,DJIA_QoQ_Lag1,0.025959685444831848
Model 3,XGBoost,5,Last3mCumulativeRevenue_last1,0.02159234881401062
Model 3,XGBoost,6,QuarterlyVolatility_Lag3,0.020061232149600983
Model 3,XGBoost,7,Spread_cur,0.018101420253515244
Model 3,XGBoost,8,OverallIndex_last1,0.0179428793489933
Model 3,XGBoost,9,TradingTurnover_cur,0.017786512151360512
Model 3,XGBoost,10,SOX_QoQ_Lag3,0.017752202227711678
Model 3,XGBoost,11,VIX_QoQ,0.017537826672196388
Model 3,XGBoost,12,DJIA_QoQ_Lag2,0.017475860193371773
Model 3,XGBoost,13,TradingVolume_cur,0.01693377085030079
Model 3,XGBoost,14,TradingMoney_cur,0.016494138166308403
Model 3,XGBoost,15,SOX_QoQ,0.016473960131406784
Model 3,XGBoost,16,EPS_last1,0.016295798122882843
Model 3,XGBoost,17,FnG_QoQ_Lag2,0.016236934810876846
Model 3,XGBoost,18,QuarterlyVolatility_Lag2,0.015932343900203705
Model 3,XGBoost,19,ROE_last1,0.015718739479780197
Model 3,XGBoost,20,RediscountRate_last1,0.015683425590395927
Model 4,XGBoost,1,QuarterlyVolatility_Lag1,0.3784100115299225
Model 4,XGBoost,2,SP500_YoY_Lag2,0.04066193103790283
Model 4,XGBoost,3,DJIA_YoY_Lag1,0.03418169170618057
Model 4,XGBoost,4,DJIA_YoY_Lag2,0.02417803928256035
Model 4,XGBoost,5,SP500_YoY,0.02373303286731243
Model 4,XGBoost,6,IXIC_YoY,0.02237420529127121
Model 4,XGBoost,7,OverallIndex_last1,0.021620851010084152
Model 4,XGBoost,8,DJIA_YoY_Lag3,0.021007096394896507
Model 4,XGBoost,9,SOX_YoY_Lag2,0.020212719216942787
Model 4,XGBoost,10,RediscountRate_last1,0.01979219913482666
Model 4,XGBoost,11,Last3mCumulativeRevenue_last1,0.01976768486201763
Model 4,XGBoost,12,DJIA_YoY,0.019298261031508446
Model 4,XGBoost,13,TradingTurnover_cur,0.018289659172296524
Model 4,XGBoost,14,QuarterlyVolatility_Lag3,0.018267638981342316
Model 4,XGBoost,15,FnG_YoY_Lag1,0.017734333872795105
Model 4,XGBoost,16,FnG_YoY,0.01694982312619686
Model 4,XGBoost,17,Spread_cur,0.016403965651988983
Model 4,XGBoost,18,IXIC_YoY_Lag3,0.016308307647705078
Model 4,XGBoost,19,ROA_last1,0.015874600037932396
Model 4,XGBoost,20,TradingVolume_cur,0.015549578703939915
